Chamber_Pressure_bar,O/F,T_chamber_K,T_exit_Frozen_K,T_exit_Shift_K,M_exit_Frozen,M_exit_Shift,Velocity_exit_Frozen_m_s,Velocity_exit_Shift_m_s,Isp_Frozen_s,Isp_Equilibrium_s,X_H2O,X_H2,X_OH,X_O2,X_H
50,2.0,2075.1854034409953,824.4879077907657,825.6347638434314,6.046968352066899,6.048000000042438,3840.983498783391,3842.6848243646145,391.6713147490113,391.844801676884,0.2520157509875312,0.7479842490054344,1.0245908678828196e-15,3.0449571253374893e-27,7.0332461860050075e-12
50,2.1,2144.6591085396108,862.4477484891584,864.2215043745598,6.247968666675895,6.249599999929554,3851.3645442718753,3853.841584962562,392.72988678823816,392.9824746434881,0.26461653853110256,0.7353834614394665,6.954867524712575e-15,8.607456191967887e-26,2.942411658464603e-11
50,2.2,2212.4351107765424,900.222259526848,902.8697433008281,6.448712399862665,6.45119999965325,3859.9703558046713,3863.4569498451874,393.60743534282057,393.9629689899392,0.2772173260680489,0.7227826738227167,4.0346806374306075e-14,1.8565173187978188e-24,1.0919414803248145e-10
50,2.3,2278.4921716834187,937.7446344039826,941.5743628131389,6.649127454094706,6.652800001125238,3866.914344988399,3871.6769458637646,394.31552517815965,394.80117531101496,0.2898181137252151,0.7101818859099647,2.0380300066786904e-13,3.1549488239421107e-23,3.6461649084959365e-10
50,2.4,2342.8028385724574,974.9555142383475,980.3442383060931,6.849133029794203,6.854399997269468,3872.2942661039738,3878.62788182427,394.86412445676905,395.5099735204448,0.30241890107968816,0.6975810978101534,9.111157224977393e-13,4.344491733070415e-22,1.1092473890412793e-09
50,2.5,2405.3363677227917,1011.7979346734406,1019.1863229802844,7.048641169781535,7.05599998902665,3876.196327875076,3884.4188843766233,395.2620240219724,396.10049143964795,0.3150196882369992,0.6849803086523101,3.654910940628682e-12,4.963901645507296e-21,3.107035881888415e-09
50,2.6,2466.0616882443305,1048.1329237637233,1058.014744035798,7.2475587174390474,7.257599970687369,3878.7005664501316,3889.1470600801067,395.51738528958737,396.582631181913,0.3276204749434481,0.6723795169759733,1.3273627961369646e-11,4.7784747092911074e-20,8.067304957195987e-09
50,2.7,2524.9501771915047,1083.8608583376233,1096.8032030159995,7.445789534988844,7.459199926927722,3879.8850072287196,3892.9001253000365,395.6381646361112,396.9653373272256,0.3402212604528465,0.659778719941539,4.407093505991734e-11,3.941277609755647e-19,1.956154359264294e-08
50,2.8,2581.978044204872,1118.9121131807126,1135.5425985706527,7.643236803022837,7.660799828864778,3879.825031928483,3895.755461007887,395.63204885750827,397.2565005387046,0.35282204336514655,0.6471779118989941,1.349799646230019e-10,2.8287452841505244e-18,4.4600879229946993e-08
50,2.9,2637.1281759221088,1153.224044930105,1174.2254757203493,7.839805221929608,7.862399621495844,3878.594412646251,3897.7814494015015,395.5065606140987,397.463093859932,0.36542282096990325,0.6345770824514292,3.843774984704917e-10,1.7908141119154304e-17,9.619428980513736e-08
50,3.0,2690.3913580103317,1186.741987291148,1212.8458368339136,8.035402959398864,8.063999200399646,3876.266000197234,3899.038724401853,395.2691286216225,397.591300230135,0.3780235879682911,0.6219762137181142,1.0247545862453014e-09,1.012009276050969e-16,1.972888395497946e-07
50,3.1,2741.766863736338,1219.4198038319096,1251.398959063807,8.229943229696804,8.265598391805979,3872.9119174138823,3899.5812177694165,394.9271073622371,397.6466191583687,0.3906243354507876,0.6093752754198015,2.573362186227067e-09,5.158963116970094e-16,3.8655604643231015e-07
50,3.2,2791.262460828704,1251.2200127893218,1289.881174442266,8.42334544095399,8.46719689825032,3868.603388139559,3899.457076035762,394.48775964672535,397.63396022451724,0.40322504774363405,0.59677421960584,6.119846984899642e-09,2.394555376751532e-15,7.265306683148069e-07
50,3.3,2838.893934506375,1282.1135363745109,1328.2896724272944,8.615535896838443,8.66879424189617,3863.410331160486,3898.7094133880173,393.95821520707744,397.55771985214295,0.41582569906998407,0.584172972464711,1.3848844876768845e-08,1.0203705869568058e-14,1.3146164175279123e-06
50,3.4,2884.6842501515775,1312.0791513248487,1366.6222863105686,8.806448081172933,8.870389677573995,3857.400835371166,3897.3769601989015,393.34541717825823,397.42184744014537,0.42842624816810165,0.571571424445628,2.9947792052997546e-08,4.0211760063123885e-14,2.297438318828317e-06
50,3.5,2928.6624850719077,1341.1027284265747,1404.8772800390896,8.99602258396463,9.071982078005135,3850.6406106045797,3895.4946061898427,392.65606609847197,397.22990074998523,0.4410266308386271,0.5589694181014135,6.212108731661238e-08,1.475224638785245e-13,3.8889383126734355e-06
50,3.6,2970.8626492249377,1369.1763472572582,1443.053125954766,9.18420674390712,9.273569784344255,3843.1924835967234,3893.093861501884,391.89656851184895,396.98509292183206,0.4536267497143511,0.546366733784874,1.240240307262622e-07,5.067810858255265e-13,6.392474897505905e-06
50,3.7,3011.3224951750185,1396.2973616529375,1481.1482742343524,9.370954087212112,9.475150416180545,3835.1159846493806,3890.203245077805,391.0729948197785,396.6903320785187,0.4662264604882569,0.5337630734619031,2.3904572850278936e-07,1.6387897383505997e-12,1.0226998355585461e-05
50,3.8,3050.082393471249,1422.4674839867414,1519.1609094867902,9.556223638541848,9.676720635235066,3826.467041288492,3886.8486138253315,390.19104804275594,396.3482548908477,0.47882555369468066,0.5211580431480416,4.460101707930504e-07,5.012076820186961e-12,1.595713010360535e-05
50,3.9,3087.1843252855188,1447.6919145531358,1557.0886918016363,9.739979170169038,9.878275857321128,3817.2978053908178,3883.0534425602154,389.25604619220815,395.96125512384106,0.4914237309864271,0.5085511347586134,8.075279175071461e-07,1.455960037779681e-11,2.432667926629861e-05
50,4.0,3122.6710224950652,1471.9785779604765,1594.928478177712,9.922188443196033,10.079809906571253,3807.656574050014,3878.8390650429537,388.2729142010793,395.53150821564486,0.5040205746200472,0.49594170855571046,1.4219136863886058e-06,4.032568684186482e-11,3.629478243000404e-05
50,4.1,3156.585267811294,1495.3374513182307,1632.6760324839597,10.102822481955684,10.281314614166844,3797.587824845376,3874.2248744400845,387.2461875202415,395.06099171889326,0.5166155091634075,0.48332897726564966,2.4397810093188604e-06,1.0686015226500537e-10,5.307346092305933e-05
50,4.2,3188.969354438152,1517.780009557476,1670.3256998761615,10.281854910968807,10.48277934496849,3787.132328119938,3869.2285114377605,386.1800235676748,394.551504482954,0.5292077530407368,0.47071199458847995,4.086621899309159e-06,2.7177382557709694e-10,7.616493754826352e-05
50,4.3,3219.864695711923,1539.3187799513423,1707.8700768034205,10.459261373812543,10.684190468017277,3776.3273248555424,3863.8660163147,385.0782198666765,394.004682161054,0.5417962593493644,0.45808964927144347,6.692862598018881e-06,6.652479608669087e-10,0.00010739659005453008
50,4.4,3249.311569592601,1559.9669999055043,1745.2996567135474,10.635019045106235,10.885530760578481,3765.206751644618,3858.1519701219154,383.94423698659773,393.4220116066053,0.5543796435419092,0.4454606681194231,1.0733030189778095e-05,1.5712782809572237e-09,0.00014895089267691005
50,4.5,3277.3489798777623,1579.7383678817455,1782.60246393903,10.809106240521295,11.086778754094018,3753.8014968688726,3852.099620038128,382.78122466580055,392.8048436558996,0.5669560965819639,0.4328236306988644,1.6875741421983063e-05,3.5893903814053887e-09,0.0002033871858170417
50,4.6,3304.014614904963,1598.6468755120852,1819.763680111265,10.981502124932307,11.287908028790334,3742.1396743771807,3845.7209928399957,381.59204971903563,392.1544046988519,0.5795232819917068,0.42017699915153406,2.6046194914067557e-05,7.946864530662869e-09,0.0002736516124102474
50,4.7,3329.3448846441765,1616.7067080344295,1856.765270710728,11.15218651527728,11.488886468099322,3730.2469034453243,3839.026998501529,380.379324585391,391.4718072432002,0.5920782154886179,0.40751916676949784,3.9502666748044656e-05,1.708449637740148e-08,0.0003630711280003969
50,4.8,3353.375018000842,1633.9322006635348,1893.585621063455,11.321139772055492,11.689675487927618,3718.146585529924,3832.027525438302,379.14543554933886,390.7580596267127,0.6046171262673636,0.39484852915384666,5.892812713023767e-05,3.572613162418285e-08,0.0004753271889880863
50,4.9,3376.1392035212866,1650.3378438160607,1930.1991922539514,11.488342771438342,11.890229259376357,3705.86016564762,3824.7315285341133,377.8925693939949,390.01407499340894,0.6171352994489621,0.38216358180783955,8.653746122373806e-05,7.278189537933752e-08,0.0006144046285720115
50,5.0,3397.670758297174,1665.9383033540867,1966.576207649428,11.653776948506485,12.090493945923603,3693.4073948536193,3817.1471107409775,376.62274016648087,389.240679614443,0.6296268997358591,0.3694630478828473,0.000125199843286918,1.4465290667895066e-07,0.0007845114319797622
50,5.1,3418.0023116067496,1680.7484891066545,2002.6823793710025,11.817424401015977,12.290406976366306,3680.806547147556,3809.2815988738685,375.33781129616705,388.4386206170169,0.6420847767889463,0.3567460395007778,0.00017857454285409078,2.8083637166446763e-07,0.0009899657109349624
50,5.2,3437.165991561036,1694.783614869412,2038.4786805485085,11.979268042392299,12.489896371772764,3668.074634584622,3801.1416140483484,374.03951752990287,387.6085731670192,0.654500253144609,0.34401225565923993,0.0002512568125047595,5.332203765058365e-07,0.001235047224809669
50,5.3,3455.1936048502034,1708.0592717457987,2073.9211630081804,12.139291792107564,12.6888801368267,3655.2275896305227,3792.733137327624,372.72948352704776,386.75114716316216,0.6668628954302697,0.3312622192938567,0.00034892851102492277,9.911657087603767e-07,0.0015238123376992566
50,5.4,3472.1168014205077,1720.5914974879756,2108.9608108567136,12.297480791496863,12.887265712450898,3642.2804242637408,3784.061571354249,371.40924008338635,385.8668935216663,0.6791602690518417,0.3184975557645071,0.00047850575131290094,1.8054677507813934e-06,0.0018598733134678538
50,5.5,3487.967217683988,1732.3968376350736,2143.5434086676787,12.453821633198881,13.084949466431762,3629.2473644807087,3775.131799097535,370.0802378468395,384.95631016682916,0.6913776752455202,0.3057213150845197,0.0006482731123228735,3.2256536574717802e-06,0.0022461452448523005
50,5.6,3502.7765935709363,1743.4923939617454,2177.609389274642,12.608302592876818,13.28181617320322,3616.1419610167245,3765.948241730938,368.7438586078554,384.019847932876,0.7034978674494393,0.292938340787086,0.0008679907522316815,5.656876714284806e-06,0.0026845665348264208
50,5.7,3516.5768604398663,1753.8958570259742,2211.0936131079197,12.760913852744427,13.477738404305565,3602.9771776578555,3756.5149185058626,367.4014243047173,383.05791666938893,0.7155007415489891,0.2801556895816394,0.0011489569560055618,9.744976975099655e-06,0.003175801536607897
50,5.8,3529.4001982430623,1763.6255206744268,2243.9250212968054,12.911647707413271,13.672575722529782,3589.7654588934383,3746.835512845526,366.05420392217917,382.07089198100533,0.7273629923888856,0.26738310771104223,0.0015040039857260718,1.650107413218599e-05,0.0037189366018808233
50,5.9,3541.2790621031345,1772.7002776875524,2276.026104067121,13.060498744145258,13.866173552359859,3576.51877913904,3736.91345054197,364.70341851081054,381.0591232012941,0.7390577282548568,0.2546335715622891,0.001947399255067395,2.748017973987599e-05,0.0043111834613979196
50,6.0,3552.246179296807,1781.1395956422273,2307.3121399512124,13.207463990932194,14.058361599120994,3563.248676590715,3726.7519977281086,363.3502446391699,380.02294338312356,0.7505540379535152,0.2419239001292614,0.002494616581754392,4.503128139946902e-05,0.004947606901691329
50,6.1,3562.3345191973444,1788.963480071697,2337.690200605737,13.352543027705908,14.24895172434813,3549.9662688456433,3716.3543879359786,361.99581598666657,378.9626822549983,0.7618165147116827,0.2292754427547235,0.00316193384546833,7.263809977606101e-05,0.005620897836426337
50,6.2,3571.5772390690377,1796.192408936379,2367.057988577776,13.49573805796632,14.437735280938892,3536.6822688273064,3705.723989285728,360.64122496747683,377.87868326959034,0.7728047618716236,0.21671483279722237,0.003965805211601593,0.0001153682136737653,0.006321219013351731
50,6.3,3580.0076095625445,1802.8472691432466,2395.3026960933353,13.637053939086783,14.62448009246489,3523.4069773833394,3694.864523140396,359.2875219757348,376.7713259003224,0.7834729419627146,0.20427477074115616,0.004921952000715302,0.000180440028299492,0.007036159701137727
50,6.4,3587.658924179251,1808.9492706196534,2422.3002441290346,13.776498172119203,14.808927557942768,3510.150280007737,3683.7803441465453,357.9357150512904,375.6410541975645,0.7937694874892351,0.19199475203441377,0.006044123776225957,0.0002778970203754746,0.007750847608965874
50,6.5,3594.564396822266,1814.5198558473896,2447.915475415213,13.914080852741927,14.990790782076184,3496.921635800484,3672.476785954737,356.5867687539052,374.48841204231184,0.8036371674224339,0.17992158164792343,0.0073425125237856674,0.0004213408286569569,0.008448278557740638
50,6.6,3600.7570517902486,1819.5806036117926,2472.0040832283084,14.04981458645832,15.169755124765366,3483.730064525269,3660.960566996518,355.2416028435061,373.31408452392185,0.8130137843784113,0.16810942453513947,0.008821873194354487,0.0006286151929318878,0.009109930076165163
50,6.7,3606.269610314438,1824.1531301013315,2494.4171523428467,14.183714371690735,15.345482976967745,3470.5841332012924,3649.240234990454,353.9010909129308,372.1189432671151,0.8218338281596735,0.15661905482497054,0.010479524400543339,0.0009222564173380823,0.009716711497629734
50,6.8,3611.134377201282,1828.2589901183114,2515.0089997329683,14.315797456277993,15.517624583925997,3457.4919433491928,3637.3266019678163,352.5660590873737,370.9040907922498,0.8300313686102649,0.1455159437121794,0.012303564406233113,0.0013294563970235483,0.010250254325279394
50,6.9,3615.3831309950724,1831.9195808226896,2533.648345417312,14.44608317152455,15.685835960224503,3444.461120114608,3625.233102240777,351.2372849152981,369.6708970179192,0.8375442636280809,0.13486694620566464,0.014271788661901826,0.0018812691557661672,0.010694452593899348
50,7.0,3619.0470203544055,1835.1560500808287,2550.2316988169596,14.574592749353112,15.849803100253443,3431.498803997411,3612.9759866398913,349.915496525053,368.4210190676624,0.8443193574265606,0.12473567176197489,0.016351837217489923,0.0026108910543022517,0.011037037707436179
50,7.1,3622.1564687615514,1837.9892110871406,2564.6965273377023,14.70134912790232,16.009269097315205,3418.611645661931,3600.5742728406276,348.6013720956628,367.1563962046803,0.85031784338846,0.11517711437547452,0.018502925269801976,0.0035510866661462807,0.011270866655767018
50,7.2,3624.741089186242,1840.4394645953487,2577.0309752523176,14.826376750891377,16.164058544312603,3405.8058040887313,3588.0494068273647,347.2955396683609,365.87921531077023,0.8555196050038476,0.10623257923229135,0.020679094012958706,0.004731157064978594,0.011394591694952083
50,7.3,3626.829609881991,1842.526729653781,2587.2773187530524,14.94970136458853,16.314093173402075,3393.086948257072,3575.4246515396035,345.9985773181537,364.59184854558936,0.8599254024116496,0.09792608937894771,0.02283340404195712,0.006174097890602092,0.011412510908945066
50,7.4,3628.449811874468,1844.2703834080187,2595.5280659479486,15.07134981675051,16.45939483603169,3380.460262236865,3562.7242835197594,344.71101367305505,363.2967714275272,0.8635563261512713,0.09026311576173013,0.02492214596525532,0.00789460603611334,0.011333636457485573
50,7.5,3629.628480021722,1845.689210715024,2601.9158606256046,15.191349855411673,16.600075768605244,3367.930454756862,3549.972722826854,343.43332888976994,361.99647410959443,0.8664507568076947,0.08323177165473705,0.026908167496696517,0.009898330281321968,0.011170245993484809
50,7.6,3630.391362275602,1846.8013620631584,2606.5999678633116,15.309729948589844,16.73631968355064,3355.5017689704164,3537.1937167016663,342.16595564952524,360.6933781364346,0.8686597378482381,0.07680590718060064,0.028762786880936843,0.012182361311093274,0.010936288628288165
50,7.7,3630.7631439311144,1847.6243215519362,2609.7524660908375,15.426519101623668,16.868358874114122,3343.177997660321,3524.409679082772,340.9092807085316,359.389769093704,0.870241892715799,0.07094916286666769,0.030466253900151705,0.014736628782119017,0.010645971504166168
50,7.8,3630.767430805853,1848.1748829344913,2611.5464810642866,15.541746692261071,16.996452086120442,3330.9624993804805,3511.6412226728285,339.66364654397586,358.08774889211185,0.871258821311116,0.06561906870110568,0.03200708575474405,0.01754574046601939,0.010312713172889485
50,7.9,3630.4267426934944,1848.469133853444,2612.147583510931,15.655442318153897,17.120866169251954,3318.858216733534,3498.9068915315665,338.42935321781994,356.7892084994944,0.8717715005872152,0.060770566769395996,0.033380746131672696,0.020590850490655947,0.009948504032171731
50,8.0,3629.7625156531853,1848.522447338834,2611.7084298765153,15.767635657884181,17.241862662943447,3306.867696109213,3486.2230582274133,337.2066603895533,355.4958174531989,0.8718378225134589,0.05635868085989783,0.034588091086504145,0.023851289401638748,0.0095636158923641
50,8.1,3628.7951121801016,1848.3494799087441,2610.3661065564256,15.878356346359688,17.35968912223253,3294.9931084867167,3473.603948182984,335.99578943744467,354.20902634263325,0.8715111483464407,0.05234032111014274,0.03563387285601474,0.027305838272601277,0.009166562447107491
50,8.2,3627.543838144474,1847.9641754095112,2608.241430634941,15.987633863972357,17.474574308452173,3283.236270944672,3461.061749118786,334.7969256519476,352.9300779694173,0.8708396465512354,0.0486753570308312,0.03652545607333084,0.03093363731413518,0.008764213659442093
50,8.3,3626.0269657337203,1847.3797740127811,2605.439502833578,16.09549743963283,17.58672619134433,3271.5986686403303,3448.606769965269,333.61022047695496,351.66002355190295,0.8698661706072639,0.04532714073524298,0.037271798600889874,0.034714777906226624,0.008361987776943608
50,8.4,3624.2617614316187,1846.6088254823242,2602.050959391812,16.201975965359853,17.696331811451554,3260.0814770959546,3436.2476239501134,332.43579378237774,350.3997413948814,0.8686284717006111,0.04226265336437531,0.037882688258120537,0.038630647722313165,0.00796406934538866
50,8.5,3622.264515361741,1845.6632051658034,2598.153534726758,16.30709793112491,17.803558269183632,3248.6855825792377,3423.9914152757797,331.2737359423695,349.1499559253955,0.8671595955040433,0.03945241403436612,0.038368197946091954,0.04266409727836185,0.007573622385160481
50,8.6,3620.0505796962516,1844.5541349027458,2593.8136987893135,16.4108913531372,17.908554293839423,3237.4116062333983,3411.843924769157,330.1241102959113,347.91125662373565,0.8654883575496347,0.036870254544725825,0.038738314737084716,0.046799485622693426,0.007192983363920748
50,8.7,3617.634402640825,1843.2922041122295,2589.0882173362584,16.513383734657804,18.011452079206435,3226.2599229523553,3399.809777675645,328.98695507154383,346.6841151336741,0.8636398375269475,0.034493027364952564,0.03900269883465741,0.05102264854976165,0.00682382722515131
50,8.8,3615.0295657230286,1841.8873924119428,2584.025574702434,16.614602022208306,18.11236914561114,3215.2306813857394,3387.892598728996,327.862285427311,345.4689010751884,0.8616358519501075,0.03230029255427781,0.03917053759380305,0.055320821303030884,0.006467306237365897
50,8.9,3612.2488282670247,1840.349097307457,2578.6672292719836,16.71457257244655,18.211410113981295,3204.3238259219356,3376.0951532232016,326.75009569240626,344.2658964297902,0.8594953873500005,0.030274009591700603,0.03925046617650258,0.05968253719642264,0.006124163631139186
50,9.0,3609.3041599002117,1838.686155935511,2573.048695103783,16.81332113376463,18.308668344372766,3193.5391114743256,3364.4194642716234,325.65036087494974,343.075307497629,0.8572349880726122,0.02839824791141476,0.039250533138268165,0.0640975162045383,0.005794825067944257
50,9.1,3606.20678605991,1836.906874142961,2567.200467583541,16.91087282558609,18.40422739111912,3182.876124058198,3352.866923951837,324.56303876024924,341.8972762311123,0.8548690947191269,0.026658924197809068,0.03917819652567015,0.06855655261178077,0.005479471816702382
50,9.2,3602.9672245504985,1835.019051200501,2561.1488041739503,17.007252130845725,18.49816229165871,3172.3342958754038,3341.438384006489,323.48807144900695,340.7318894838185,0.8524103381522511,0.025043567721117703,0.039040338786901864,0.07305140683555197,0.005178098637276507
50,9.3,3599.595325080174,1833.0300057837778,2554.916383234463,17.10248288358104,18.590540683955215,3161.912921805083,3330.134237686757,322.42538703890557,339.57918735620797,0.8498697915330153,0.02354111399885553,0.03884329350252478,0.07757470441129696,0.004890559491092746
50,9.4,3596.1003059412674,1830.9466018752787,2548.522853014344,17.19658828115395,18.68142378184868,3151.611172640816,3318.954487331669,321.3749009744221,338.4391700867951,0.8472571870230275,0.02214172426951023,0.03859287806782007,0.08211984340935383,0.0046166033161166185
50,9.5,3592.4907915607387,1828.7752733781854,2541.985296156214,17.2895908731808,18.770867204835962,3141.4281101001884,3307.898806515866,320.33651757737744,337.31180438945677,0.8445810993897098,0.020836629249822852,0.038294429857155865,0.0866809107690187,0.00435590217634906
50,9.6,3588.7748467333377,1826.522048564482,2535.3186145455466,17.381512577922877,18.858921701236085,3131.3626983027025,3296.966589790354,319.3101312173579,336.1970285255775,0.8418491037050597,0.0196179934809464,0.03795284253179973,0.09125260729734383,0.004108073103546872
50,9.7,3584.960011551033,1824.1925737676727,2528.535855042756,17.47237468508263,18.945633761987512,3121.4138163493203,3286.1569983723357,318.29562759447117,335.0947569631154,0.8390679089036451,0.018478798469765415,0.037572601968886815,0.09583018086798094,0.0038726951927905867
50,9.8,3581.0533322067267,1821.7921352319534,2521.648480616783,17.56219786888886,19.031046152570198,3111.5802682484123,3275.468997663916,317.29288475151174,334.0048842024459,0.8362434723105856,0.017412741593000214,0.03715782028243425,0.10040936714329264,0.0036493228064729947
50,9.9,3577.0613928125313,1819.3256813524129,2514.666599564405,17.65100220094849,19.115198367642005,3101.8607932775144,3264.9013902965157,316.30177413056595,332.9272881459536,0.8333810971330511,0.0164141489251711,0.03671226788687676,0.10498633712400426,0.003437495816908787
100,2.0,2075.767958408304,687.5724210721023,688.2757500743547,6.047267753625535,6.04800000040071,4024.303047040345,4025.613580785837,410.3647063003518,410.49834355114507,0.25201575100948315,0.7479842489905055,2.5771698569740566e-19,1.8628464706082568e-33,1.1467223649572345e-14
100,2.1,2145.5379778905194,720.5937118467933,721.6884977221258,6.248440281395957,6.249600000172151,4036.833099643954,4038.748674252305,411.64241607928847,411.8377503278189,0.2646165385444227,0.7353834614555097,2.7327477676190337e-18,1.13160721544315e-31,6.769018892418117e-14
100,2.2,2213.7145604526872,753.6718203903416,755.3160732156042,6.449428031640135,6.451200000060071,4047.5756061099955,4050.2835314190766,412.73784688043276,413.01397841455304,0.2772173260866566,0.7227826739129982,2.3927961617177757e-17,4.94486859133301e-30,3.451126073378367e-13
100,2.3,2280.296305297852,786.736311968493,789.1286351414731,6.650177552163613,6.65280000001123,4056.651436150306,4060.367999774425,413.6633239842664,414.0423080026742,0.28981811363290105,0.7101818863655545,1.7666553289083654e-16,1.6113750174996167e-28,1.5443050123178517e-12
100,2.4,2345.2748021104408,819.7161096721845,823.0997073920817,6.850627962233295,6.854399999982814,4064.165213677222,4069.1337707964117,414.42951606075695,414.9361678857114,0.3024189011806361,0.6975810988132124,1.1200723019180382e-15,4.040452362949732e-27,6.150374367806149e-12
100,2.5,2408.636457680633,852.5417041714303,857.2076752077669,7.05071168259245,7.0559999999239364,4070.208892999469,4076.696824439761,415.0457998398504,415.7073847276859,0.3150196887271759,0.6849803112507492,6.196172898452929e-15,8.012897520771311e-26,2.206869594140725e-11
100,2.6,2470.3644427305353,885.1470582326389,891.4369697560497,7.250355476127877,7.257599999738683,4074.8647548176195,4083.1594420615806,415.5205656179857,416.3663883244106,0.32762047626794943,0.6723795236599023,3.033232874927737e-14,1.2876868967406694e-24,7.211799564574725e-11
100,2.7,2530.440636163996,917.471106412668,925.7789331587827,7.449481734551163,7.459199999195863,4078.2078709848383,4088.611887828757,415.8614685937439,416.92238305932784,0.3402212637922558,0.6597787359909117,1.330526978816734e-13,1.7133199786283822e-23,2.1669944640002575e-10
100,2.8,2588.847449009145,949.4587974033586,960.2323872911302,7.648009925569474,7.660799997708971,4080.3080737059454,4093.1338321304697,416.0756296702692,417.3834930511918,0.35282205127256144,0.6471779481230732,5.288278811364997e-13,1.9239692993448358e-22,6.038366764774979e-10
100,2.9,2645.5694259404063,981.0616673448714,994.8039524670346,7.845858103422806,7.862399993920895,4081.231466951887,4096.795571714972,416.16978957665333,417.75688657339373,0.3654228386447236,0.6345771597810573,1.9235271375115974e-12,1.8549133723675757e-21,1.5722956239941712e-09
100,3.0,2700.5945468280056,1012.2321299093235,1029.4717618852533,8.042944384792298,8.063999985093936,4081.041549194231,4099.6594430009345,416.15042335499186,418.0489201716116,0.37802362578137594,0.6219763703639303,6.452520589056653e-12,1.5558943332444847e-20,3.8482411926043385e-09
100,3.1,2753.9151814497145,1042.873731769988,1064.1750343040203,8.23918830179656,8.265599963169967,4079.8008958017476,4101.78276324817,416.02391191709177,418.2654385797567,0.3906244122652465,0.6093755788231391,2.0075967272521844e-11,1.1465956502509944e-19,8.891538613717652e-09
100,3.2,2805.5286829352417,1072.9270382032398,1098.9035302271516,8.434511961910838,8.467199917225386,4077.5718791913714,4103.217602231044,415.796615479432,418.41175143714156,0.40322519757487585,0.5967747828733736,5.832317700262785e-11,7.509540402748323e-19,1.9493427167182875e-08
100,3.3,2855.4376355556406,1102.3509786185775,1133.6490820952454,8.628840967949,8.668799822746472,4074.415577545292,4104.010728571858,415.47476228327633,418.49262781600834,0.4158259804626345,0.5841739786430002,1.5915388429718183e-10,4.416324167722022e-18,4.073521141292451e-08
100,3.4,2903.6497966333377,1131.110164606476,1168.4045192028234,8.822105076006117,8.870399636857208,4070.3916004906396,4104.2042447637805,415.0644308189483,418.51236097584604,0.42842675872414254,0.5715731593989035,4.101267153253646e-10,2.3536614813052605e-17,8.146682716183449e-08
100,3.5,2950.177788664293,1159.174757685852,1203.1635919162034,9.01423859217112,9.0719992855509,4065.5578902924576,4103.836137680453,414.57152955315604,418.47482449974797,0.44102752848688803,0.5589723140184989,1.0027962498958504e-09,1.1461322024409047e-16,1.5649181622140045e-07
100,3.6,2995.0386057678147,1186.5201808998952,1237.9208944764935,9.205180527482874,9.273598645948796,4059.970456536208,4102.940750126879,414.00176987413727,418.3835203792201,0.4536282831998426,0.5463714247898316,2.3364508736392234e-09,5.137350764626869e-16,2.89673872988364e-07
100,3.7,3038.2529991129186,1213.1267124260837,1272.6717912130557,9.394874543809562,9.475197520272772,4053.683097104816,4101.5491801053695,413.3606376392363,418.2416197279774,0.4662290120978711,0.5337704644954964,5.2073658793351985e-09,2.1337459346846082e-15,5.18199258376695e-07
100,3.8,3079.8448008432542,1238.979000349654,1307.4123374652427,9.583268730917368,9.676795600108427,4046.7471438580283,4099.689625882174,412.6533672414156,418.05199796894703,0.47882969801384473,0.5211693926103803,1.114038944512198e-08,8.26129405341019e-15,8.982353564125914e-07
100,3.9,3119.8402371084267,1264.0655422484585,1342.1391997442151,9.770315257642402,9.87839241769489,4039.211251294924,4097.387679576777,411.8849200588299,417.81726477204523,0.4914303142683333,0.5085681505676578,2.294887461580271e-08,2.997845543235485e-14,1.5122150338874253e-06
100,4.0,3158.2672701666042,1288.378156142824,1376.8495713252419,9.955969938880715,10.079987281510688,4031.1212470950404,4094.666578897446,411.0599692142618,417.5397897240593,0.5040308203607399,0.4959666560436757,4.5648898085461516e-08,1.0246130680571689e-13,2.477946358164691e-06
100,4.1,3195.15499863212,1311.9114716792667,1411.5410801337255,10.140191756321029,10.28157919207527,4022.520046245558,4091.547424448814,410.18289081853214,417.2217244878541,0.516631156048453,0.4833647963481229,8.790668748701903e-08,3.313128558248101e-13,3.959695717843647e-06
100,4.2,3230.5331349298776,1334.66245914981,1446.211696766265,10.32294236558588,10.483166738946458,4013.447628743254,4088.0493595532594,409.25776169673173,416.8650211390495,0.5292312336480619,0.47076242076312796,1.642666206444076e-07,1.017674915459603e-12,6.181319173161689e-06
100,4.3,3264.4315704459136,1356.6300090239927,1480.8596169811306,10.504185616673645,10.68474796540282,4003.9410754623195,4084.189738008031,408.288363045721,416.47144927248667,0.541830927399774,0.4581593326793672,2.984933566812642e-07,2.9804503528052228e-12,9.441418966108829e-06
100,4.4,3296.8800320628006,1377.8145697828177,1515.4831475153596,10.683887108870067,10.886320208680102,3994.0346540144365,4079.9842565123968,407.27818918942114,416.04260950603896,0.5544300599650439,0.4455552811582814,5.284680072458848e-07,8.35079762001296e-12,1.4130385515796973e-05
100,4.5,3327.9078285902065,1398.2178456592953,1550.0805708789624,10.862013796107492,11.087879903832837,3983.759947005384,4075.4470749891616,406.23046065734826,415.5799457499923,0.5670283847597378,0.43294995293134286,9.132065559556121e-07,2.245403517193427e-11,2.0749042029463342e-05
100,4.6,3357.543681952969,1417.8425565042103,1584.6499959568441,11.03853365417464,11.289422349859127,3973.1460112921754,4070.5909197384453,405.1481404243218,415.08475572580295,0.5796255633309095,0.4203429653499308,1.5427207952950534e-06,5.81054551341011e-11,2.992844690591861e-05
100,4.7,3385.8156355543733,1436.6922546973901,1619.189191027794,11.213415417320222,11.490941433230121,3962.219561717993,4065.4271729729153,404.0339526462139,414.55820009615064,0.5922211365854249,0.40773386120527455,2.5516187691522547e-06,1.4508779809429122e-10,4.245022341080985e-05
100,4.8,3412.7510307353787,1454.7711962347416,1653.6953971002122,11.386628388539963,11.692429304139104,3951.005169934615,4059.96595061506,402.8904029341942,414.0013103980524,0.6048144884798845,0.3951221065376389,4.1375432474348714e-06,3.504138874790147e-10,5.9266578085090205e-05
100,4.9,3438.3765414346835,1472.084260011078,1688.1651192529812,11.558142325118517,11.89387600049051,3939.525471632258,4054.2161698941077,401.7197994862933,413.41499593583006,0.6174048005229774,0.3825070928085039,6.585771892264767e-06,8.204109154008992e-10,8.151893775603805e-05
100,5.0,3462.718256839693,1488.6369091400788,1722.5938933660955,11.727927398632643,12.095269014224566,3927.801375964366,4048.1856080231114,400.52427444278794,412.80004976450795,0.6299909951424489,0.369888145100407,1.0301548368653483e-05,1.8658236668648867e-09,0.0001105538791759302
100,5.1,3485.801801775184,1504.435187668558,1756.9760252341734,11.895954226628469,12.296592794069475,3915.8522718932936,4041.8809529176965,399.30580492760464,412.15715386168534,0.6425716656291887,0.35726453833660526,1.5851973833860707e-05,4.129725695902621e-09,0.00014793474511892347
100,5.2,3507.6524848150852,1519.4857458144722,1791.3042984404763,12.062193971262712,12.497828178044895,3903.696227107087,4035.307846815632,398.0662333321865,411.4868835754954,0.6551449899736501,0.344635523892964,2.4019553271773622e-05,8.911379705522461e-09,0.00019544703737744645
100,5.3,3528.295464480909,1533.7958868703126,1825.5696466053466,12.226618498612485,12.698951747933963,3891.3501759101455,4028.470923399394,396.8072864750089,410.7897114100528,0.6677086254406837,0.33200036941791783,3.586974592845769e-05,1.877796226567257e-08,0.00025509535413739573
100,5.4,3547.7559241998024,1547.3736289010671,1859.7607843435223,12.389200590609041,12.89993509620836,3878.8300931297176,4021.373838883835,395.53059333510606,410.0660101955138,0.6802595801527517,0.3193584152101262,5.2835091016935984e-05,3.869799210536706e-08,0.0003290893032455187
100,5.5,3566.0592475823773,1560.2277747766818,1893.8637895084162,12.549914200476588,13.100743993104434,3866.1511518574816,4014.0192974772112,394.2377011372367,409.3160556843786,0.6927940572109799,0.3067091511687286,7.681863572998331e-05,7.810453218697283e-08,0.0004198154852713665
100,5.6,3583.231185916629,1572.3679841966962,1927.8616263551824,12.708734740861264,13.301337437008382,3853.3278632742395,4006.409071494733,392.930089610034,408.5400286025027,0.7053072658819954,0.29405231919829106,0.00011031943371550635,1.5459026966556173e-07,0.0005297923163946315
100,5.7,3599.2980109394207,1583.80484144699,1961.7335947301247,12.865639393476375,13.501666563842361,3840.374198020488,3998.544016359468,391.60918336236006,407.7380161787632,0.7177931929541476,0.2813880471408666,0.0001565827363025692,3.0042714735457405e-07,0.0006616041715941471
100,5.8,3614.2866463014843,1594.549917846908,1995.4546828850791,13.020607428371424,13.701673379327874,3827.303684569808,3990.424080626092,390.2763619145996,406.91001316719695,0.7302443252883787,0.26871702199932523,0.00021977705490034257,5.739133657417601e-07,0.0008178110947651813
100,5.9,3628.2247736453874,1604.615811834008,2028.994792450191,13.173620518957746,13.901289258374158,3814.129496235176,3982.0483124451794,388.9329685708347,406.05592250617485,0.7426513114153117,0.2560407127636957,0.00030519936085009273,1.0788761604305721e-06,0.0010008301831367912
100,6.0,3641.1409078761544,1614.0161841274373,2062.317783612195,13.32466304356118,14.10043312655876,3800.8645077175806,3973.414861859311,387.5803161851989,405.17555555253944,0.7550025453260362,0.24336165697106774,0.0004195080097460934,1.997808812753668e-06,0.0012127846952146824
100,6.1,3653.0644404071472,1622.765764169146,2095.3802688207334,13.47372235898832,14.299009192112146,3787.5213413805886,3964.5209823586183,386.2196918805697,404.2686322402266,0.7672836484197625,0.23068383104268964,0.0005709800630141922,3.647576835241029e-06,0.001455317050654724
100,6.2,3664.0256484418373,1630.8803388338383,2128.1300443030254,13.620789037942473,14.496904028803835,3774.1123930092112,3955.3630339534243,384.8523596752419,403.3347813935875,0.779476815082913,0.21801313344384138,0.0007697846603263551,6.572128053692499e-06,0.001729362155753444
100,6.3,3674.0556706343887,1638.3767185094198,2160.504002120088,13.765857060632486,14.693982711293996,3760.649842511429,3945.936493818087,383.4795615741797,402.3735418127584,0.7915599723808342,0.2053580232347759,0.001028255522861243,1.1695273428947257e-05,0.0020348780920089776
100,6.4,3683.186450326536,1645.2726813513375,2192.4253020871415,13.908923953904813,14.890083569678701,3747.1456508825877,3936.2359842429296,382.10251725947063,401.38436512396487,0.8035056842565363,0.19273037614370508,0.0013611310090668324,2.0569876374525303e-05,0.0023705324347629256
100,6.5,3691.450649206888,1651.5868971374769,2223.7995121636545,14.049990873580521,15.085010958601138,3733.6115457286087,3926.255333704254,380.72242261410463,400.3666220069294,0.8152797063799528,0.18014664692893456,0.0017857052655628296,3.5779500868277427e-05,0.002733345165445251
100,6.6,3698.881535573212,1657.3388329967936,2254.5093677868063,14.189062626564377,15.278525258009648,3720.0589980829086,3915.987697908091,379.340447357957,399.3196145378994,0.8268390756118937,0.16762945841359395,0.0023217925975240424,6.157608173100365e-05,0.003118295145602729
100,6.7,3705.5128469881897,1662.5486423196087,2284.4078070641567,14.326147642957665,15.470329224644473,3706.499189556371,3905.425777046923,377.95773169801834,398.2425983436671,0.8381296160253321,0.15520976427236177,0.002991340919457014,0.00010487098553683991,0.0035179101085427438
100,6.8,3711.3786462404532,1667.2370443107648,2313.3091874564143,14.461257867596212,15.660050020278174,3692.942982464384,3894.5622040109524,376.57538328219977,397.13482218810225,0.849082804416894,0.14292972368532533,0.0038174334843510973,0.0001767262967241917,0.003921887813819324
100,6.9,3716.5131526236846,1671.4251911123472,2340.979230198632,14.594408633102837,15.847217288063984,3679.4008777463446,3883.390165483253,375.1944729083168,395.9955913062313,0.8596121572268919,0.13084630972186206,0.004822298151890739,0.0002944847077068852,0.004316847014681923
100,7.0,3720.9505777089566,1675.1345329670535,2367.1259219663316,14.725618460008219,16.03124037072821,3665.8829806755216,3871.904384877565,373.8160310274683,394.82436763599856,0.8696098246655529,0.11903531067307331,0.006023862052585918,0.0004845514670758065,0.004686395057349432
100,7.1,3724.7249551123664,1678.3866807634618,2391.396466425266,14.8549088315166,16.211393321492668,3652.398964343738,3860.1025481459706,372.4410440205104,393.620915210186,0.8789450811234093,0.10759458384557598,0.007430509989738644,0.0007854615051882901,0.005011811014524177
100,7.2,3727.8699764760963,1681.2032704755193,2413.3892307961364,14.98230393089735,16.386824558441244,3638.9580388791906,3847.987191375885,371.0704510591477,392.38549263773916,0.8874677855972531,0.0966441256962814,0.009034347885212759,0.001250094930138557,0.005273712186262516
100,7.3,3730.418833460281,1683.6058378028297,2432.6913344733575,15.107830362782925,16.556614175439016,3625.5689192051505,3835.5678478939494,369.70514081823563,391.11907204743204,0.8950207118009449,0.08631932621108525,0.01080472126423112,0.001944899112945855,0.005454912072985032
100,7.4,3732.404073129692,1685.6156895058052,2448.945851173732,15.231516853410836,16.719893706736435,3612.239808881032,3822.8629237151454,368.34594982802815,389.8235303304539,0.9014627006197217,0.0767545068598928,0.012685568274911994,0.0029436625834152893,0.005544071511152175
100,7.5,3733.8574656566952,1687.2537974767351,2461.933369810261,15.353393951195544,16.876009044867644,3598.97837778954,3809.900484201209,366.99366019889976,388.5017293572432,0.906698117272105,0.06805857717532213,0.01460048665692428,0.004315314139720147,0.0055388115549205846
100,7.6,3734.809889329862,1688.5406972929832,2471.6317869875834,15.473493723611357,17.02466187951472,3585.7917527133095,3796.7172697326405,365.6489986604304,387.1574156039668,0.9107003238361256,0.06029184038573262,0.016465987989999282,0.006109483580589857,0.005446546393509503
100,7.7,3735.2912320413725,1689.496400970927,2478.220606139321,15.591849463359232,17.165956579353004,3572.686511901578,3783.3559448178016,364.31263600736014,385.7949396397141,0.9135165473114372,0.05345551179859366,0.0182077428234822,0.008346599110571893,0.005282311927551326
100,7.8,3735.330310564419,1690.1403229251182,2482.028615632887,15.708495407013901,17.300332929204764,3559.668685394544,3769.86142596515,362.98518713266446,384.4188816736755,0.9152521519526832,0.04749850428272358,0.01977228813134612,0.01101706427803443,0.005064722606570078
100,7.9,3734.9548067118358,1690.4912188972146,2483.456396943475,15.823466471756303,17.428432540769414,3546.7437601949878,3756.2774402469577,361.667211554913,383.0337006263054,0.9160442690644137,0.042335616762375995,0.021130355059834672,0.014088265805577874,0.004812080960300265
100,8.0,3734.1912231981764,1690.5671384439365,2482.908559999065,15.936798002939478,17.550965925421192,3533.9166922646486,3742.644092254186,360.35921464155945,381.64348602776545,0.9160371628239958,0.0378672396636324,0.022273425524356762,0.01751453292785059,0.004539954748440845
100,8.1,3733.064850189515,1690.385388348903,2480.751945862544,16.0485255599928,17.66861936124066,3521.1919188111387,3728.9965950288756,359.0616488618579,380.25182860904346,0.9153658918665271,0.033994077276657104,0.023207467616109204,0.02124583772333082,0.004260327181819989
100,8.2,3731.5997507521843,1689.9625084610368,2477.298219135276,16.15868471165991,17.78200641457602,3508.573377281388,3715.364931593792,357.7749157236557,378.8617857875821,0.9141484958733047,0.0306254597758806,0.02394691029037193,0.02523355566102958,0.003981770495676669
100,8.3,3729.818757924901,1689.3142574365443,2472.8021882761445,16.267310858699037,17.891651889574973,3496.0645261456707,3701.774090010833,356.4993678927739,377.4759056365663,0.9124840671834279,0.027682674164535726,0.024510142965415493,0.029433476211271077,0.0037100602817447246
100,8.4,3727.743484625985,1688.455608068504,2467.4677834264253,16.37443907604133,17.99799396901245,3483.668368808222,3688.244581704193,355.2353116312117,376.0962797391763,0.9104539495863042,0.025099317098205842,0.024916632091297356,0.033806921837549464,0.00344886412050846
100,8.5,3725.394338303597,1687.4007490902254,2461.4565401531336,16.480103990893742,18.101394359257228,3471.3874756198625,3674.793048657848,353.9830090418097,374.7246051054997,0.9081241859008768,0.022820210926415622,0.025185281876557355,0.03832079194378878,0.0032003406360489274
100,8.6,3722.7905525912556,1686.163096584764,2454.896003572048,16.584339660260024,18.202150626179435,3459.2240128078156,3661.432866698884,352.7426810182698,373.3622456903106,0.9055481899617324,0.020799811545801856,0.02533361699715388,0.0429470943188318,0.0029656050281095104
100,8.7,3719.950216358188,1684.7553077556138,2447.887004013986,16.687179486568624,18.300507999142226,3447.179766033035,3648.1746846165606,351.5145096473347,372.0102873679147,0.9027691904535785,0.019000578124417054,0.025377456742308294,0.04766229028289262,0.0027450693760980396
100,8.8,3716.8903161228136,1683.1893030533174,2440.509576435948,16.788656144298823,18.396669575695324,3435.2561685679807,3635.026893313746,350.2986410821209,370.66958577228166,0.8998222916596496,0.017391507911595418,0.025330862399465602,0.05244662154467326,0.0025386831603729934
100,8.9,3713.626776544682,1681.4762881961665,2432.827616495266,16.88880151631142,18.490804725935803,3423.454326702866,3621.996020900915,349.095188132835,369.34080658542064,0.8967361430907241,0.015946897680479008,0.02520622358814385,0.05728349359058654,0.002346099715855429
100,9.0,3710.1745061884967,1679.626781838102,2424.8924787010415,16.98764666214629,18.583055842768285,3411.775044669231,3609.0870586526353,347.90423280827105,368.0244587756915,0.893534264760118,0.014645329582239658,0.025014406212108566,0.06215894172776264,0.002166789869226567
100,9.1,3706.5474475137776,1677.6506463550963,2416.745745067424,17.08522177335448,18.67354368054892,3400.2188500744105,3596.303735050231,346.7258289094044,366.72092254238004,0.8902360868116959,0.013468855230906959,0.024764920675102005,0.06706118242844758,0.0020001189161332643
100,9.2,3702.7586223447624,1675.5571102340953,2408.4213378537515,17.181556170002988,18.762371574190432,3388.786020744502,3583.6487348411238,345.5600047666127,365.43047165353346,0.8868577648749294,0.012402343414988807,0.024466087203086948,0.07198024220229614,0.0018453981079740963
100,9.3,3698.8201825399615,1673.354808738126,2399.9471477509746,17.276678279481377,18.84962875007232,3377.4766016863973,3571.123884770943,344.40676496932156,364.1532923853653,0.8834128170355775,0.011432961086630338,0.02412518944477963,0.07690765323329476,0.0017019189321229118
100,9.4,3694.7434587181187,1671.0518094042382,2391.3462836920635,17.37061563886463,18.935392942755346,3366.290431086293,3558.7303035415625,343.2660930171153,362.88949881371957,0.8799126247076396,0.010549759440184046,0.02374861129702085,0.08183620449534706,0.00156897549114102
100,9.5,3690.5390081356627,1668.6556444498863,2382.6380405458203,17.463394899856446,19.019732464839073,3355.2271596899513,3546.468526131339,342.1379532959728,361.63914549120636,0.8763668274290144,0.00974334323451215,0.023341956705706417,0.08675973832930217,0.0014458788495739904
100,9.6,3686.2166601383547,1666.1733409263395,2373.83865044458,17.555041842255473,19.102707854370426,3344.286269181591,3534.338605568682,341.0222929523936,360.40223782521883,0.8727836359999579,0.009005605470921834,0.02291015314687417,0.09167298389890491,0.0013319658991600438
100,9.7,3681.7855626652563,1663.6114507999966,2364.9618737065953,17.645581382801208,19.18437318807943,3333.4670910903087,3522.3401994174055,339.91904382131605,359.17874089698375,0.8691700816422216,0.00832951373074625,0.022457540756770335,0.09657142042841856,0.0012266045591821319
100,9.8,3677.2542260057794,1660.9760803770375,2356.0194615775813,17.73503759753011,19.26477713983765,3322.768823297767,3510.4726398645953,338.8281241094326,357.9685866085356,0.8655322161851834,0.007708936968821052,0.02198794842803591,0.10145116448863432,0.0011291964498773184
100,9.9,3672.6305613736213,1658.2729170755476,2347.021520326508,17.823433749282444,19.343963838344187,3312.1905435864446,3498.734990575192,337.7494397767275,356.7716794802703,0.8618752738205918,0.007138504384734792,0.02150475870706463,0.10630887673673577,0.0010391778860040141
200,2.0,2076.182502262009,571.5249449915249,571.9500631436528,6.047480830442391,6.048000002373526,4170.745170211013,4171.734831292582,425.2976470263559,425.3985643713789,0.2520157511327912,0.7479842488672088,1.0578182647322181e-23,5.093545951955581e-41,4.606894509145661e-18
200,2.1,2146.165023053282,599.7837403407967,600.4490666377257,6.248776819150999,6.249600001148162,4185.166467781247,4186.617657874698,426.7682101208106,426.9161903274511,0.2646165386054229,0.7353834613945772,1.9048590021770926e-22,7.673451071441546e-39,4.095837766284436e-17
200,2.2,2214.630438738574,628.264417475016,629.2696547028926,6.449940429185768,6.4512000005000445,4197.812030817727,4199.870606028881,428.0576986858639,428.26761493770874,0.27721732611413497,0.7227826738858648,2.727827317858028e-21,7.79580510133582e-37,3.05431261979418e-16
200,2.3,2281.5930353536505,656.9204904292642,658.3924699580145,6.650932563260692,6.652800000186411,4208.807003417272,4211.643002120193,429.17887386796434,429.46806525369965,0.2898181136437535,0.7101818863562446,3.183777526761967e-20,5.571707258017802e-35,1.946842752291178e-15
200,2.4,2347.0601954418653,685.6999835970663,687.7958862173878,6.8517081659682395,6.85440000005467,4218.259392875239,4222.066272795959,430.14274934613144,430.5309430637332,0.3024189011847416,0.6975810988152477,3.093150894981917e-19,2.9049202923424635e-33,1.0780519459354272e-14
200,2.5,2411.0335309839925,714.5469348260274,717.4570434459458,7.05221650872389,7.056000000011513,4226.263523091523,4231.256610319385,430.9589434813645,431.4680966812709,0.31501968873126845,0.684980311268679,2.547616624579673e-18,1.140154709946096e-31,5.2594845917125074e-14
200,2.6,2473.5101298127965,743.4029985766731,747.3528880483223,7.252401681268218,7.257600000001128,4232.90291078254,4239.317136308017,431.63597260864213,432.29004158484474,0.32762047627985247,0.6723795237199187,1.807542887284562e-17,3.462825059420336e-30,2.2886324718664055e-13
200,2.7,2534.483850217768,772.2090546633448,777.461171151272,7.452203264832892,7.459199999997324,4238.252632614238,4246.33967098219,432.18149241731254,433.00614083119007,0.3402212638288785,0.6597787361702235,1.1204436391060335e-16,8.338249867302638e-29,8.979217097430733e-13
200,2.8,2593.9465999458066,800.9067223807192,807.761361674709,7.651557149861825,7.6607999999888,4242.381244007964,4252.406190665612,432.6024936148393,433.62475367894353,0.35282205137771255,0.64717794861908,6.1443613883766e-16,1.626507527310316e-27,3.2070114860420317e-12
200,2.9,2651.8895406921242,829.4396917725746,838.2354385125958,7.850396452005911,7.862399999964567,4245.352302122227,4257.590038801155,432.9054572277207,434.1533590778865,0.36542283892587807,0.634577161063602,3.0144347256872275e-15,2.620194264958097e-26,1.051680617950531e-11
200,3.0,2708.304167416984,857.7548057582862,868.868537665812,8.048652474836885,8.06399999989293,4247.225540387508,4261.9569410506,433.09647437070845,434.59865918031136,0.37802362647196036,0.6219763734961165,1.3363987700399572e-14,3.546577247472003e-25,3.190995509179656e-11
200,3.1,2763.183223231569,885.8028543099624,899.6494418685163,8.246255667008038,8.265599999794341,4248.0577392116265,4265.565864427609,433.18133503404596,434.9666669482045,0.3906244140186548,0.609375585891086,5.402483338885636e-14,4.0967759650042545e-24,9.020534532416343e-11
200,3.2,2816.5214240640844,913.5390662392942,930.5709089674141,8.443136525273417,8.467199998986866,4247.903339671407,4268.469753978125,433.1655906626021,435.26278127374025,0.40322520152664754,0.5967747982340871,2.0078187291687604e-13,4.0957843464452997e-23,2.3906452487447983e-10
200,3.3,2868.3159816221714,940.9233110673501,961.629860149439,8.639226402240006,8.668799997407243,4246.814843926466,4270.716159453788,433.05459498671473,435.49185088218593,0.41582598899925066,0.584174010402707,6.910976672131234e-13,3.589387574819376e-22,5.97351135770988e-10
200,3.4,2918.5669268407996,967.9200414324479,992.8274156270115,8.834458187842078,8.870399993714988,4244.843045997422,4272.347795718152,432.85352755501856,435.6582314774314,0.42842677636774473,0.5715732222155456,2.2179288169324935e-12,2.7893333652105935e-21,1.4144917993472655e-09
200,3.5,2967.2772478319966,994.4980198119378,1024.1478949959867,9.028766844969132,9.071999985509292,4242.037133647549,4273.403172719385,432.56740412348245,435.7658499813275,0.4410275635115937,0.558972433294508,6.672511934973432e-12,1.940006892303013e-20,3.187225920444471e-09
200,3.6,3014.4528654532605,1020.6153588349263,1055.5426470551072,9.22208979110887,9.273599968127693,4238.444787904816,4273.918112206726,432.20108680383373,435.8183591957219,0.45362835019395864,0.5463716429333478,1.8890151667126866e-11,1.2156329652593184e-19,6.8538035042259184e-09
200,3.7,3060.1024754985397,1046.2139893516996,1087.0016671178944,9.414367128209538,9.475199932856224,4234.112677535034,4273.925655583196,431.7593344857861,435.81912840605065,0.4662291359664691,0.5337708498665679,5.0564622793648155e-11,6.919146442904321e-19,1.4116398506134204e-08
200,3.8,3104.2372893405286,1071.266355260713,1118.517407354319,9.605541731425065,9.676799864013853,4229.085968436951,4273.455853844407,431.2467528092622,435.7712219610578,0.4788299200106385,0.5211700519211888,1.2853097104037644e-10,3.604180850846992e-18,2.7939641582753075e-08
200,3.9,3146.8707048418783,1095.7491186323102,1150.0830670899343,9.795559213641408,9.87839973504841,4223.407883552549,4272.536069578222,430.6677492877332,435.6774300681907,0.4914307009253124,0.5085692454646001,3.1147584468935216e-10,1.729865609784936e-17,5.3298611727984245e-08
200,4.0,3188.0179372454227,1119.641950447203,1181.6925792173536,9.984367786628756,10.079999501052415,4217.119592224411,4271.191233348867,430.0265220258101,435.54029493750335,0.5040314762968422,0.49596842472012154,7.221780638859303e-10,7.697459051449399e-17,9.826085782254679e-08
200,4.1,3227.695636161625,1142.9272550119806,1213.3405877318012,10.17191804157252,10.28159908952577,4210.260117979089,4269.444071806928,429.3270503157642,435.3621340424027,0.5166322421611457,0.48336758073139907,1.6072183881683074e-09,3.1933703848181063e-16,1.7550023563688143e-07
200,4.2,3265.921510407789,1165.5898795196892,1245.0224343353916,10.358162671960493,10.483198386668391,4202.866274166366,4267.315296242045,428.5730880745582,435.1450593466725,0.529232992176508,0.4707667000298207,3.4434881377829753e-09,1.2414881541934313e-15,3.0435017907263377e-07
200,4.3,3302.713977807358,1187.6168234683591,1276.734129507291,10.543056160839756,10.684797218583292,4194.9726319936735,4264.823776748846,427.76816058426414,434.8909950644559,0.5418337164471363,0.45816576292238814,7.121742846146649e-09,4.5442445645019675e-15,5.135087185698985e-07
200,4.4,3338.0918526654286,1208.9969599386584,1308.472334748045,10.726554452651023,10.886395325602315,4186.61152233151,4261.986681955591,426.91556467616465,434.6016919086121,0.5544343998496838,0.44556474139131086,1.4253096589695976e-08,1.572792899468528e-14,8.445058631066429e-07
200,4.5,3372.0740796148634,1229.720778031601,1340.2343360498287,10.908614627667692,11.087992328763812,4177.813070305743,4258.819604085684,426.0183722581864,434.2787398434413,0.5670350197449392,0.4329635965546699,2.7666190667756752e-08,5.1675584361044875e-14,1.3560340575424551e-06
200,4.6,3404.6795191463398,1249.7801533305912,1372.0180155011035,11.089194594707296,11.289587686337198,4168.6052601094,4255.336665270593,425.0794369238629,433.9235789255855,0.5796355428568725,0.4203622757265919,5.219254781064552e-08,1.617636020344363e-13,2.129223560350712e-06
200,4.7,3435.9267873524927,1269.1681510604017,1403.8218191224273,11.268252815483066,11.491180638501945,4159.014026516662,4251.550608266588,424.10140328416554,433.53750855456127,0.5922359210753666,0.40776070913026663,9.587741845837142e-08,4.84076102481177e-13,3.27391571784493e-06
200,4.8,3465.83415022019,1287.8788647760875,1435.6447201985793,11.44574807180701,11.69277013799033,4149.063369084774,4247.472873300411,423.08671861285706,433.1216953088375,0.6048360858687664,0.3951588063743009,1.7180572306771586e-07,1.3890907150307792e-12,4.935947801235703e-06
200,4.9,3494.4194711218083,1305.9072918742336,1467.4861772892293,11.621639284865376,11.894354764220811,4138.775484890763,4243.113662469008,422.0376463818698,432.6771795127804,0.6174359409078473,0.3825564528696113,3.0080048382847223e-07,3.833367425791492e-12,7.305412958890964e-06
200,5.0,3521.7002088470417,1323.2492459640405,1499.346085983226,11.795885393990446,12.095932618131881,4128.170915685346,4238.4819928104,420.95628126682874,432.2048806483764,0.6300353523972687,0.3699535064435689,5.153380709386324e-07,1.0200559555362716e-11,1.0625797630233151e-05
200,5.1,3547.6934625580393,1339.901305085959,1531.224723258365,11.96844530062314,12.297501194460873,4117.268705581293,4233.585738944225,419.8445652267893,431.705601703357,0.6426341364724137,0.3573497945077929,8.651351929161542e-07,2.6238757254650735e-11,1.5203826050211672e-05
200,5.2,3572.4160589627763,1355.8607937894446,1563.1226828268461,12.139277881636453,12.499057227639915,4106.086565414277,4228.431665715692,418.7043042643795,431.1800324999559,0.6552320428454355,0.3447451122538677,1.4250025529154767e-06,6.539577618095546e-11,2.1419756443434837e-05
200,5.3,3595.8846773895148,1371.1257967206352,1595.0408002541776,12.308342073782084,12.700596506684418,4094.6410409204173,4223.025451971003,417.537185575137,430.62875211932754,0.6678287336592199,0.3321392224956662,2.3057368284650884e-06,1.5826751722294295e-10,2.973777506720965e-05
200,5.4,3618.1160055569935,1385.6951992403524,1626.9800642322239,12.475597030627831,12.902113653292771,4082.947680939236,4217.371704391602,416.3447946994372,430.05223031224756,0.6804237562126059,0.3195318579594225,3.6690456067324844e-06,3.727022928712416e-10,4.071601956050377e-05
200,5.5,3639.12692101951,1399.568755382543,1658.941511703624,12.64100234969938,13.103601855937471,4071.021200539839,4211.473962497765,415.1286321567344,429.45082800933704,0.6930165078445278,0.30692272704081713,5.747781767426379e-06,8.556648243984062e-10,5.5015629888920754e-05
200,5.6,3658.9346907450463,1412.7471669348242,1690.9261019541161,12.804518366284798,13.305052550518768,4058.8756447656056,4205.3346940562105,413.89013014287303,428.8247968527694,0.7056061907566243,0.29431152434026486,8.873121180758492e-06,1.9187423156051806e-09,7.340806751694201e-05
200,5.7,3677.5571811441428,1425.232187235706,1722.9345634486783,12.966106507732379,13.506455035224674,4046.5245351652,4198.95528024561,412.63066747209297,428.17427768357294,0.7181917538850037,0.2816979476588849,1.351077289096496e-05,4.2098235224975335e-09,9.677975506830369e-05
200,5.8,3695.01307091466,1437.0267252772392,1754.967205097786,13.125729699778116,13.707796002998522,4033.981011636582,4192.335989791539,411.35158404109274,427.4992979041303,0.730771818017261,0.26908172364124844,2.030889437396355e-05,9.052678082992755e-09,0.00012613286014808388
200,5.9,3711.322058195155,1448.1349552432785,1787.02368022846,13.28335281352373,13.909058968918725,4021.257958020938,4185.475940770931,410.0541936360468,426.7997675833165,0.7433445790834315,0.25646264494551,3.0161136825187768e-05,1.911008415324313e-08,0.0001625807649814311
200,6.0,3726.505053570931,1458.5624213665278,1819.102686672173,13.438943139445906,14.110223560812635,4008.3681121710038,4178.373048288437,408.7397951564504,426.0754741209727,0.7559076827484782,0.24384062281246888,4.428922213372025e-05,3.96650128425197e-08,0.00020733641025050346
200,6.1,3740.5843506629517,1468.316132339627,1851.2015790842388,13.592470872997009,14.311264627852232,3995.32415807723,4171.023955605536,407.4096820093743,425.32607522502957,0.7684580608039493,0.2312157603688195,6.435072899735252e-05,8.107488045310862e-08,0.0002616912520754196
200,6.2,3753.5837664963165,1477.4046391495333,1883.3158583062122,13.74390959438931,14.512151101250266,3982.1387984692506,4163.423945718063,406.0651495127542,424.5510898949247,0.7809917159295773,0.21858845421289455,9.257944005887604e-05,1.6344321341908445e-07,0.0003269819901481975
200,6.3,3765.5287446802095,1485.8380903329025,1915.4384847721558,13.89323672439273,14.712844507311488,3968.824807084965,4155.5668291627935,404.7075002253537,423.7498869810581,0.7935034352501266,0.20595953540069553,0.00013196780308585623,3.254758684680811e-07,0.0004045414616613276
200,6.4,3776.4464157638595,1493.6282628296806,1947.5589331273775,14.040433938613365,14.913296980038226,3955.3950578665304,4147.444802910269,403.3380469239272,422.92167079586494,0.8059864034421436,0.19333046666166087,0.00018650393759012509,6.412406668434893e-07,0.00049562907108866
200,6.5,3786.365610792587,1500.7885562055299,1979.6618569516188,14.18548752220417,15.113448528988409,3941.8625378352635,4139.048274010573,401.9581139160941,422.0654631306892,0.8184316700759612,0.1807036225086513,0.00026147931560735433,1.251905192606018e-06,0.0006013347273665513
200,6.6,3795.31682594835,1507.3339622164212,2011.7251472584444,14.328388651116649,15.313223162850218,3928.2403336249713,4130.365639825532,400.56903566712094,421.1800808457049,0.8308273987902417,0.16808269597787667,0.0003638877696487135,2.4260317534666966e-06,0.0007224482989074985
200,6.7,3803.3321385955674,1513.2809951061474,2043.7170215692065,14.469133587061146,15.512523194265688,3914.5416040741875,4121.383016216371,399.17215400510753,420.264108152771,0.8431577786472653,0.15547330655641664,0.0005029413659924215,4.674788371146499e-06,0.0008592838081733614
200,6.8,3810.4450767326816,1518.6475916370468,2075.5915151908766,14.607723777975348,15.711220556430561,3900.779534701304,4112.083905337115,397.7688134787419,419.31586273978525,0.8554013937504796,0.14288394082177774,0.0006907319944425164,8.973922080253757e-06,0.0010114435763472897
200,6.9,3816.6904467375616,1523.4529810544982,2107.28126643527,14.744165860710112,15.909143050264062,3886.9672791042312,4102.448798928691,396.3603553817289,418.3333553179415,0.8675286937680367,0.13032746516095975,0.0009430632205855978,1.7195909112916584e-05,0.0011775018915944199
200,7.0,3822.1041252854247,1527.7175289554323,2138.6856097267305,14.87847156551867,16.106051754407684,3873.1178901597336,4092.4547293192254,394.9481107370747,417.3142438365013,0.8794979267532924,0.11782365628410368,0.0012804477266618096,3.296112314257054e-05,0.0013545805753772432
200,7.1,3826.722823272019,1531.4625602842705,2169.650418989873,15.010657527902671,16.301602733150514,3859.24424454287,4082.074821198957,393.53339260021215,416.25578777655545,0.8912483866305944,0.10540358899802334,0.001729164408098298,6.333214707593633e-05,0.001537782719626234
200,7.2,3830.583830789247,1534.7101674634164,2199.933534406966,15.140745015934888,16.495280839620538,3845.3589644025883,4071.278002528928,392.11748807213354,415.1548186719143,0.9026889690923583,0.09311743733339245,0.0023219733315797127,0.000122201893010825,0.0017194584587038096
200,7.3,3833.7247513113603,1537.4830097040274,2229.146298393461,15.268759586986295,16.686285985682392,3831.4743389795353,4060.0292769796315,390.7016503066323,414.0077678901186,0.9136788987885024,0.0810483531827145,0.0030973057721001384,0.00023698483971818518,0.0018883436053579736
200,7.4,3836.1832351698145,1539.804110104908,2256.6622059800925,15.39473068539916,16.87335020376551,3817.6022501272823,4048.2914906115143,389.287090915581,412.81084678371457,0.9239974682049005,0.0693358525067579,0.004093953185034558,0.0004611255419750556,0.002028875949417635
200,7.5,3837.9967197640144,1541.696656293887,2281.5074583656174,15.51869119855003,17.054503568378788,3803.7541037917636,4036.030442309657,387.8749729817791,411.5605678095636,0.9333070266705642,0.05820823455389455,0.005335377785936731,0.000893969203181267,0.002121748699077549
200,7.6,3839.202183856211,1543.1838099822492,2302.3409417700623,15.640676987263545,17.226982377363218,3789.9407696037856,4023.225872276591,386.4664048991027,410.25486504327074,0.941143753068982,0.048002406174675424,0.006798166784294851,0.0016993862891216962,0.002148056337535167
200,7.7,3839.835922266329,1544.2885299521863,2317.774314149952,15.7607264045955,17.38777963499183,3776.1725303893963,4009.8882844474356,385.06243522399564,408.8948095881301,0.9470204378878222,0.03910692659210544,0.008378324757178894,0.0030885272018073384,0.0020988296806108853
200,7.8,3839.9333449366536,1545.0334118088256,2327.101278637674,15.878879818315728,17.535069967100114,3762.4590421267962,3996.0721640590873,383.66404859221,407.4859573920847,0.9506720237048807,0.03178548855239428,0.009905664209016219,0.005231263739344932,0.0019840743878966867
200,7.9,3839.5288037492364,1545.440546987975,2330.769488208155,15.995179147978321,17.66929226438029,3748.8093050030748,3981.8702090380007,382.27216276741547,406.03776101298615,0.9522275874056492,0.02602205881768086,0.011225931069096907,0.008157967151542114,0.0018288116898719572
200,8.0,3838.655448259959,1545.5314022806897,2329.993924304944,16.109667427151273,17.792570554372077,3735.231645166093,3967.3895535166325,380.88762678040854,404.56114509201745,0.9520940025733627,0.02157226870108929,0.012266865852200087,0.011765138632724935,0.001658613399460366
200,8.1,3837.345110849847,1545.3267203961059,2326.063250285912,16.222388397882327,17.907377834097115,3721.7337067750955,3952.729310368403,379.5112201185008,403.06621632957257,0.9507214352493061,0.01812863433748946,0.01303016915935592,0.01589782172269966,0.0014905351029738778
200,8.2,3835.62822042777,1544.8464411703585,2319.9870666112593,16.333386142291253,18.015764610635372,3708.3224534867873,3937.970649326958,378.14365287705664,401.5612517349919,0.948474909227523,0.015426185214623965,0.013552476683974043,0.02041236845274816,0.0013331528303353898
200,8.3,3833.5337435482015,1544.109642718969,2312.4636483577397,16.442704754717315,18.119219966273192,3695.004178548648,3923.176296885112,376.7855667887248,400.0526476304459,0.9456156294635513,0.013267480109533214,0.013877864787061397,0.025196670506553408,0.0011897234887394772
200,8.4,3831.0891463248045,1543.134499264199,2303.9558243077277,16.55038805918603,18.218779248491742,3681.7845198209666,3908.3936162801187,375.4375367552596,398.5452337220273,0.9423229056463484,0.011512689398557624,0.014046358694697707,0.030168626244053094,0.0010607842954574523
200,8.5,3828.3203856473824,1541.9382583162212,2294.7690519029056,16.656479360605374,18.315160441577664,3668.6684850694987,3893.6581340419784,374.10007342665426,397.0426327075993,0.9387194415157133,0.010063605899826184,0.0140909954749756,0.03526909405860161,0.0009456475297133621
200,8.6,3825.2519127206974,1540.537229673323,2285.1074594758215,16.76102124295392,18.40886918820117,3655.660477968032,3878.99649149746,372.7736258526645,395.54756124644604,0.934890338106312,0.008850547540362973,0.014038105489231094,0.04045530405419197,0.0008431514625221457
200,8.7,3821.9066942914224,1538.9467873929464,2275.1100879311925,16.86405540262107,18.500269768667753,3642.7643286233133,3864.4286894469406,371.45858459548504,394.06205885260925,0.9308957873977547,0.007823196465629765,0.013908460836030074,0.04569594854124978,0.0007520132774017447
200,8.8,3818.3062481946477,1537.1813825365991,2264.8736547001026,16.965622514271796,18.589631266874168,3629.983327258522,3849.9697409174514,370.155285164508,392.5876564287959,0.9267792716567023,0.006944493530994264,0.013718460911330119,0.05096777123970623,0.0006709856739990884
200,8.9,3814.4706893713496,1535.2545646434519,2254.466855526288,17.06576213051187,18.677157486046415,3617.3202592134257,3835.630879164748,368.8640115853452,391.12549944830783,0.9225728527916615,0.00618660432722067,0.01348112457310846,0.056253241990956195,0.0005989198483943728
200,9.0,3810.4187819492804,1533.1790088177534,2243.939464039173,17.164512608241278,18.763006543455685,3604.7774396721884,3821.4204446583844,367.5849999410796,389.67643840234786,0.9183006261500041,0.005528233067944574,0.013206863260022801,0.061538968353638916,0.0005347848367946263
200,9.1,3806.1679990478615,1530.966548829102,2233.3282251680916,17.26191105854387,18.847303920511457,3592.3567494107547,3807.3445433941815,366.3184420174835,388.24109592920945,0.9139810157452872,0.004952807403715517,0.012904067821991957,0.06681459850040526,0.0004776672117976427
200,9.2,3801.73458691401,1528.6282139211382,2222.6607462132665,17.357993315174724,18.93015131932881,3580.0596703170486,3793.407541086065,365.06448892507115,386.81991720781974,0.9096283294607895,0.004447230199842103,0.012579550736519802,0.072072052117369,0.0004267625683259684
200,9.3,3797.13362796227,1526.1742668498068,2211.958111742391,17.452793925061112,19.01163279091494,3567.887317913202,3779.6124362610467,363.8232544154428,385.4132080028396,0.9052538338920992,0.004001005462395168,0.012238879761454918,0.07730497245424259,0.00038136418658808323
200,9.4,3792.379109279425,1523.6142450070315,2201.2366783728376,17.5463461465394,19.09181905122899,3555.840475271929,3765.9611489267563,362.5948183397928,384.02116410056,0.9008665107753184,0.0036056155182235426,0.011886631547982836,0.08250832955641339,0.0003408513861548513
200,9.5,3787.4839882586466,1520.9570015206737,2190.509322348715,17.638681967247624,19.170770577631018,3543.919623509338,3752.4547423127106,361.37922975831077,382.6438939202185,0.8964735992898936,0.0032540695373003505,0.011526585769434387,0.0876781284229805,0.0003046786141036783
200,9.6,3782.4602570428156,1518.2107456066503,2179.7863236500575,17.729832124560062,19.248539864848293,3532.124970915685,3739.093597272044,360.1765099106917,381.2814362980268,0.8920809909896126,0.0029405711476698554,0.011161875320417028,0.09281119112519251,0.00027236568230971697
200,9.7,3777.319007779806,1515.3830836393527,2169.0760020388407,17.819826134699284,19.325173093523695,3520.456481446005,3725.8775508583367,358.9866551213723,379.93377461807415,0.8876935218233475,0.0026602700909809413,0.01079510368818689,0.0979049918365171,0.00024348922583857703
200,9.8,3772.0704917885555,1512.4810574731057,2158.385177257748,17.90869232937623,19.40071138341425,3508.913899303214,3712.8060048456555,357.8096393063089,378.60084787829237,0.8833151913392783,0.0024090740474590738,0.010428437416988665,0.10295753030654066,0.0002176753071435199
200,9.9,3766.7241790850367,1509.5111831522286,2147.7195080087836,17.996457899968235,19.475191745673246,3497.4967729538357,3699.8780128706208,356.6454164219011,377.2825595764732,0.8789493292032374,0.0021835042854185947,0.010063679771571864,0.10796723362285689,0.00019459305646012234
